DROP DATABASE IF EXISTS IS484;
CREATE DATABASE IS484;
USE IS484;

CREATE TABLE SERVICES(
    SID INTEGER PRIMARY KEY,
    NAME TEXT
);

INSERT INTO SERVICES (SID, NAME) VALUES(1, 'Service 1');
INSERT INTO SERVICES (SID, NAME) VALUES(2, 'Service 2');

CREATE TABLE MACHINES(
    MID INTEGER PRIMARY KEY,
    SID INTEGER,
    NAME TEXT,
    LOCATION TEXT,
    COUNTRY TEXT,
    ISO TEXT,
    FOREIGN KEY(SID) REFERENCES SERVICES(SID)
);
INSERT INTO MACHINES (MID, SID, NAME, LOCATION, COUNTRY, ISO) VALUES(1, 1, 'VM1', '[9.5018, 56.2639]', 'Denmark', 'DK');
INSERT INTO MACHINES (MID, SID, NAME, LOCATION, COUNTRY, ISO) VALUES(2, 1, 'VM2', '[9.5018, 56.2639]', 'Denmark', 'DK');
INSERT INTO MACHINES (MID, SID, NAME, LOCATION, COUNTRY, ISO) VALUES(3, 2, 'VM3', '[9.5018, 56.2639]', 'Denmark', 'DK');
INSERT INTO MACHINES (MID, SID, NAME, LOCATION, COUNTRY, ISO) VALUES(4, 2, 'VM4', '[9.5018, 56.2639]', 'Denmark', 'DK');

CREATE TABLE COMPONENTS(
    CID INTEGER PRIMARY KEY,
    MID INTEGER,
    NAME TEXT,
    FOREIGN KEY(MID) REFERENCES MACHINES(MID)
);

-- INSERT INTO COMPONENTS (CID, MID, NAME) VALUES(1, 1, 'Node.js Server 1');
-- INSERT INTO COMPONENTS (CID, MID, NAME) VALUES(2, 1, 'SQL Server 1');
-- INSERT INTO COMPONENTS (CID, MID, NAME) VALUES(3, 1, 'Machine 1');
-- INSERT INTO COMPONENTS (CID, MID, NAME) VALUES(4, 2, 'Node.js Server 2');
-- INSERT INTO COMPONENTS (CID, MID, NAME) VALUES(5, 2, 'SQL Server 2');
-- INSERT INTO COMPONENTS (CID, MID, NAME) VALUES(6, 2, 'Machine 2');
-- INSERT INTO COMPONENTS (CID, MID, NAME) VALUES(7, 3, 'Node.js Server 3');
-- INSERT INTO COMPONENTS (CID, MID, NAME) VALUES(8, 3, 'SQL Server 3');
-- INSERT INTO COMPONENTS (CID, MID, NAME) VALUES(9, 3, 'Machine 3');
-- INSERT INTO COMPONENTS (CID, MID, NAME) VALUES(10, 4, 'Node.js Server 4');
-- INSERT INTO COMPONENTS (CID, MID, NAME) VALUES(11, 4, 'SQL Server 4');
-- INSERT INTO COMPONENTS (CID, MID, NAME) VALUES(12, 4, 'Machine 4');

CREATE TABLE RESULTS(
    DATETIME DATETIME,
    MID INTEGER,
    CID INTEGER,
    DISK_USAGE FLOAT,
    TRAFFIC_IN INTEGER,
    TRAFFIC_OUT INTEGER,
    CLOCK FLOAT,
    CPU_USAGE FLOAT,    
    SYSTEM_UPTIME FLOAT,
    MEMORY_USAGE FLOAT,
    PRIMARY KEY(DATETIME, MID, CID),
    FOREIGN KEY(MID, CID) REFERENCES COMPONENTS(MID, CID)
);

-- cid 1 mock data for happy path
INSERT INTO RESULTS (DATETIME, MID, CID, DISK_USAGE, TRAFFIC_IN, TRAFFIC_OUT, CLOCK, CPU_USAGE, SYSTEM_UPTIME, MEMORY_USAGE) VALUES('2024-02-29 17:54:03', 1, 1, '32.87', '100', '35312', '1709200443', '0.43', '44573', '0.0');
INSERT INTO RESULTS (DATETIME, MID, CID, DISK_USAGE, TRAFFIC_IN, TRAFFIC_OUT, CLOCK, CPU_USAGE, SYSTEM_UPTIME, MEMORY_USAGE) VALUES('2024-02-29 17:56:03', 1, 1, '31.87', '300', '35312', '1709200443', '0.40', '44573', '2.0');
INSERT INTO RESULTS (DATETIME, MID, CID, DISK_USAGE, TRAFFIC_IN, TRAFFIC_OUT, CLOCK, CPU_USAGE, SYSTEM_UPTIME, MEMORY_USAGE) VALUES('2024-02-29 17:55:03', 1, 1, '34.87', '200', '35312', '1709200443', '0.42', '44573', '4.0');
INSERT INTO RESULTS (DATETIME, MID, CID, DISK_USAGE, TRAFFIC_IN, TRAFFIC_OUT, CLOCK, CPU_USAGE, SYSTEM_UPTIME, MEMORY_USAGE) VALUES('2024-02-29 17:43:03', 1, 1, '32.87', '400', '35312', '1709200443', '1.25', '44573', '9.0');
INSERT INTO RESULTS (DATETIME, MID, CID, DISK_USAGE, TRAFFIC_IN, TRAFFIC_OUT, CLOCK, CPU_USAGE, SYSTEM_UPTIME, MEMORY_USAGE) VALUES('2024-02-29 17:42:03', 1, 1, '22.87', '400', '33211', '1709200443', '1.25', '44573', '9.0');
INSERT INTO RESULTS (DATETIME, MID, CID, DISK_USAGE, TRAFFIC_IN, TRAFFIC_OUT, CLOCK, CPU_USAGE, SYSTEM_UPTIME, MEMORY_USAGE) VALUES('2024-02-29 17:41:03', 1, 1, '21.87', '400', '33211', '1709200443', '1.25', '44573', '9.0');
INSERT INTO RESULTS (DATETIME, MID, CID, DISK_USAGE, TRAFFIC_IN, TRAFFIC_OUT, CLOCK, CPU_USAGE, SYSTEM_UPTIME, MEMORY_USAGE) VALUES('2024-02-29 16:15:03', 1, 1, '23.87', '400', '33211', '1709200443', '1.25', '44573', '9.0');
INSERT INTO RESULTS (DATETIME, MID, CID, DISK_USAGE, TRAFFIC_IN, TRAFFIC_OUT, CLOCK, CPU_USAGE, SYSTEM_UPTIME, MEMORY_USAGE) VALUES('2024-02-29 16:16:03', 1, 1, '25.87', '400', '33211', '1709200443', '3.5', '44573', '12.2');
INSERT INTO RESULTS (DATETIME, MID, CID, DISK_USAGE, TRAFFIC_IN, TRAFFIC_OUT, CLOCK, CPU_USAGE, SYSTEM_UPTIME, MEMORY_USAGE) VALUES('2024-02-29 16:18:03', 1, 1, '26.87', '650', '33211', '1709200443', '3.5', '44573', '12.2');
INSERT INTO RESULTS (DATETIME, MID, CID, DISK_USAGE, TRAFFIC_IN, TRAFFIC_OUT, CLOCK, CPU_USAGE, SYSTEM_UPTIME, MEMORY_USAGE) VALUES('2024-02-29 16:09:03', 1, 1, '28.87', '650', '29000', '1709200443', '3.5', '44573', '12.2');
INSERT INTO RESULTS (DATETIME, MID, CID, DISK_USAGE, TRAFFIC_IN, TRAFFIC_OUT, CLOCK, CPU_USAGE, SYSTEM_UPTIME, MEMORY_USAGE) VALUES('2024-02-29 16:54:03', 1, 1, '19.87', '650', '29000', '1709200443', '3.5', '44573', '12.2');
INSERT INTO RESULTS (DATETIME, MID, CID, DISK_USAGE, TRAFFIC_IN, TRAFFIC_OUT, CLOCK, CPU_USAGE, SYSTEM_UPTIME, MEMORY_USAGE) VALUES('2024-02-29 20:54:03', 1, 1, '20.87', '650', '29000', '1709200443', '4.9', '44573', '13.4');
INSERT INTO RESULTS (DATETIME, MID, CID, DISK_USAGE, TRAFFIC_IN, TRAFFIC_OUT, CLOCK, CPU_USAGE, SYSTEM_UPTIME, MEMORY_USAGE) VALUES('2024-02-29 20:55:03', 1, 1, '21.87', '650', '29000', '1709200443', '4.9', '44573', '13.4');
INSERT INTO RESULTS (DATETIME, MID, CID, DISK_USAGE, TRAFFIC_IN, TRAFFIC_OUT, CLOCK, CPU_USAGE, SYSTEM_UPTIME, MEMORY_USAGE) VALUES('2024-02-29 20:56:03', 1, 1, '22.87', '300', '29000', '1709200443', '4.9', '44573', '13.4');
INSERT INTO RESULTS (DATETIME, MID, CID, DISK_USAGE, TRAFFIC_IN, TRAFFIC_OUT, CLOCK, CPU_USAGE, SYSTEM_UPTIME, MEMORY_USAGE) VALUES('2024-02-29 20:57:03', 1, 1, '22.87', '300', '32000', '1709200443', '4.9', '44573', '13.4');
INSERT INTO RESULTS (DATETIME, MID, CID, DISK_USAGE, TRAFFIC_IN, TRAFFIC_OUT, CLOCK, CPU_USAGE, SYSTEM_UPTIME, MEMORY_USAGE) VALUES('2024-02-29 20:58:03', 1, 1, '23.87', '300', '32000', '1709200443', '9.9', '44573', '15.0');
INSERT INTO RESULTS (DATETIME, MID, CID, DISK_USAGE, TRAFFIC_IN, TRAFFIC_OUT, CLOCK, CPU_USAGE, SYSTEM_UPTIME, MEMORY_USAGE) VALUES('2024-02-29 20:59:03', 1, 1, '23.87', '300', '32000', '1709200443', '9.9', '44573', '15.0');
INSERT INTO RESULTS (DATETIME, MID, CID, DISK_USAGE, TRAFFIC_IN, TRAFFIC_OUT, CLOCK, CPU_USAGE, SYSTEM_UPTIME, MEMORY_USAGE) VALUES('2024-02-29 21:05:03', 1, 1, '23.87', '300', '32000', '1709200443', '9.9', '44573', '15.0');
INSERT INTO RESULTS (DATETIME, MID, CID, DISK_USAGE, TRAFFIC_IN, TRAFFIC_OUT, CLOCK, CPU_USAGE, SYSTEM_UPTIME, MEMORY_USAGE) VALUES('2024-02-29 21:12:03', 1, 1, '23.87', '200', '32000', '1709200443', '9.9', '44573', '15.0');
INSERT INTO RESULTS (DATETIME, MID, CID, DISK_USAGE, TRAFFIC_IN, TRAFFIC_OUT, CLOCK, CPU_USAGE, SYSTEM_UPTIME, MEMORY_USAGE) VALUES('2024-02-29 21:09:03', 1, 1, '23.87', '200', '27000', '1709200443', '10.5', '44573', '19.0');
INSERT INTO RESULTS (DATETIME, MID, CID, DISK_USAGE, TRAFFIC_IN, TRAFFIC_OUT, CLOCK, CPU_USAGE, SYSTEM_UPTIME, MEMORY_USAGE) VALUES('2024-02-29 21:15:03', 1, 1, '28', '150', '27000', '1709200443', '16.9', '44573', '19.0');
INSERT INTO RESULTS (DATETIME, MID, CID, DISK_USAGE, TRAFFIC_IN, TRAFFIC_OUT, CLOCK, CPU_USAGE, SYSTEM_UPTIME, MEMORY_USAGE) VALUES('2024-02-29 21:16:03', 1, 1, '28', '150', '27000', '1709200443', '16.9', '44573', '19.0');
INSERT INTO RESULTS (DATETIME, MID, CID, DISK_USAGE, TRAFFIC_IN, TRAFFIC_OUT, CLOCK, CPU_USAGE, SYSTEM_UPTIME, MEMORY_USAGE) VALUES('2024-02-29 22:22:03', 1, 1, '28', '150', '27000', '1709200443', '16.9', '44573', '19.0');
INSERT INTO RESULTS (DATETIME, MID, CID, DISK_USAGE, TRAFFIC_IN, TRAFFIC_OUT, CLOCK, CPU_USAGE, SYSTEM_UPTIME, MEMORY_USAGE) VALUES('2024-02-29 22:23:03', 1, 1, '28', '150', '27000', '1709200443', '16.9', '44573', '19.0');
INSERT INTO RESULTS (DATETIME, MID, CID, DISK_USAGE, TRAFFIC_IN, TRAFFIC_OUT, CLOCK, CPU_USAGE, SYSTEM_UPTIME, MEMORY_USAGE) VALUES('2024-02-29 22:25:03', 1, 1, '28', '150', '27000', '1709200443', '16.9', '44573', '19.0');
INSERT INTO RESULTS (DATETIME, MID, CID, DISK_USAGE, TRAFFIC_IN, TRAFFIC_OUT, CLOCK, CPU_USAGE, SYSTEM_UPTIME, MEMORY_USAGE) VALUES('2024-02-29 23:15:03', 1, 1, '39.87', '50', '32000', '1709200443', '20.0', '44573', '18.5');
INSERT INTO RESULTS (DATETIME, MID, CID, DISK_USAGE, TRAFFIC_IN, TRAFFIC_OUT, CLOCK, CPU_USAGE, SYSTEM_UPTIME, MEMORY_USAGE) VALUES('2024-02-29 22:26:03', 1, 1, '39.87', '50', '32000', '1709200443', '20.0', '44573', '18.5');
INSERT INTO RESULTS (DATETIME, MID, CID, DISK_USAGE, TRAFFIC_IN, TRAFFIC_OUT, CLOCK, CPU_USAGE, SYSTEM_UPTIME, MEMORY_USAGE) VALUES('2024-02-29 23:17:03', 1, 1, '39.87', '50', '32000', '1709200443', '20.0', '44573', '18.5');
INSERT INTO RESULTS (DATETIME, MID, CID, DISK_USAGE, TRAFFIC_IN, TRAFFIC_OUT, CLOCK, CPU_USAGE, SYSTEM_UPTIME, MEMORY_USAGE) VALUES('2024-02-29 23:19:03', 1, 1, '39.87', '50', '32000', '1709200443', '20.0', '44573', '18.5');
INSERT INTO RESULTS (DATETIME, MID, CID, DISK_USAGE, TRAFFIC_IN, TRAFFIC_OUT, CLOCK, CPU_USAGE, SYSTEM_UPTIME, MEMORY_USAGE) VALUES('2024-02-29 23:21:03', 1, 1, '39.87', '50', '32000', '1709200443', '20.0', '44573', '18.5');

-- cid 2 mock data for system down
INSERT INTO RESULTS (DATETIME, MID, CID, DISK_USAGE, TRAFFIC_IN, TRAFFIC_OUT, CLOCK, CPU_USAGE, SYSTEM_UPTIME, MEMORY_USAGE) VALUES('2024-02-29 17:54:03', 1, 2, '0', '0', '0', '1709200443', '0', '0', '0.0');
INSERT INTO RESULTS (DATETIME, MID, CID, DISK_USAGE, TRAFFIC_IN, TRAFFIC_OUT, CLOCK, CPU_USAGE, SYSTEM_UPTIME, MEMORY_USAGE) VALUES('2024-02-29 18:54:03', 1, 2, '0', '0', '0', '1709200443', '0', '0', '0.0');
INSERT INTO RESULTS (DATETIME, MID, CID, DISK_USAGE, TRAFFIC_IN, TRAFFIC_OUT, CLOCK, CPU_USAGE, SYSTEM_UPTIME, MEMORY_USAGE) VALUES('2024-02-29 19:54:03', 1, 2, '0', '0', '0', '1709200443', '0', '0', '0.0');
INSERT INTO RESULTS (DATETIME, MID, CID, DISK_USAGE, TRAFFIC_IN, TRAFFIC_OUT, CLOCK, CPU_USAGE, SYSTEM_UPTIME, MEMORY_USAGE) VALUES('2024-02-29 20:54:03', 1, 2, '0', '0', '0', '1709200443', '0', '0', '0.0');
INSERT INTO RESULTS (DATETIME, MID, CID, DISK_USAGE, TRAFFIC_IN, TRAFFIC_OUT, CLOCK, CPU_USAGE, SYSTEM_UPTIME, MEMORY_USAGE) VALUES('2024-02-29 21:34:34', 1, 2, '0', '0', '0', '1709200443', '0', '0', '0.0');

-- cid 3 test for metrics warning/critical
INSERT INTO RESULTS (DATETIME, MID, CID, DISK_USAGE, TRAFFIC_IN, TRAFFIC_OUT, CLOCK, CPU_USAGE, SYSTEM_UPTIME, MEMORY_USAGE) VALUES('2024-02-29 17:54:03', 1, 3, '32.87', '0', '35312', '1709200443', '0.43', '44573', '0.0');
INSERT INTO RESULTS (DATETIME, MID, CID, DISK_USAGE, TRAFFIC_IN, TRAFFIC_OUT, CLOCK, CPU_USAGE, SYSTEM_UPTIME, MEMORY_USAGE) VALUES('2024-02-29 17:55:03', 1, 3, '33.87', '0', '36312', '1709200443', '9', '44573', '0.0');
INSERT INTO RESULTS (DATETIME, MID, CID, DISK_USAGE, TRAFFIC_IN, TRAFFIC_OUT, CLOCK, CPU_USAGE, SYSTEM_UPTIME, MEMORY_USAGE) VALUES('2024-02-29 17:56:03', 1, 3, '34.87', '0', '36312', '1709200443', '14', '44573', '0.0');
INSERT INTO RESULTS (DATETIME, MID, CID, DISK_USAGE, TRAFFIC_IN, TRAFFIC_OUT, CLOCK, CPU_USAGE, SYSTEM_UPTIME, MEMORY_USAGE) VALUES('2024-02-29 17:57:03', 1, 3, '35.87', '0', '36312', '1709200443', '39', '44573', '0.0');
INSERT INTO RESULTS (DATETIME, MID, CID, DISK_USAGE, TRAFFIC_IN, TRAFFIC_OUT, CLOCK, CPU_USAGE, SYSTEM_UPTIME, MEMORY_USAGE) VALUES('2024-02-29 17:58:03', 1, 3, '49', '0', '45312', '1709200443', '67', '44573', '0.0');
INSERT INTO RESULTS (DATETIME, MID, CID, DISK_USAGE, TRAFFIC_IN, TRAFFIC_OUT, CLOCK, CPU_USAGE, SYSTEM_UPTIME, MEMORY_USAGE) VALUES('2024-02-29 17:59:03', 1, 3, '52.8', '0', '45312', '1709200443', '69', '44573', '0.0');
INSERT INTO RESULTS (DATETIME, MID, CID, DISK_USAGE, TRAFFIC_IN, TRAFFIC_OUT, CLOCK, CPU_USAGE, SYSTEM_UPTIME, MEMORY_USAGE) VALUES('2024-02-29 18:00:00', 1, 3, '62', '0', '45312', '1709200443', '82', '44573', '0.0');
INSERT INTO RESULTS (DATETIME, MID, CID, DISK_USAGE, TRAFFIC_IN, TRAFFIC_OUT, CLOCK, CPU_USAGE, SYSTEM_UPTIME, MEMORY_USAGE) VALUES('2024-02-29 18:01:03', 1, 3, '67', '0', '55000', '1709200443', '88', '44573', '0.0');
INSERT INTO RESULTS (DATETIME, MID, CID, DISK_USAGE, TRAFFIC_IN, TRAFFIC_OUT, CLOCK, CPU_USAGE, SYSTEM_UPTIME, MEMORY_USAGE) VALUES('2024-02-29 18:02:03', 1, 3, '75', '0', '55000', '1709200443', '91', '44573', '0.0');
INSERT INTO RESULTS (DATETIME, MID, CID, DISK_USAGE, TRAFFIC_IN, TRAFFIC_OUT, CLOCK, CPU_USAGE, SYSTEM_UPTIME, MEMORY_USAGE) VALUES('2024-02-29 18:03:03', 1, 3, '78.8', '0', '55000', '1709200443', '95', '44573', '0.0');

INSERT INTO RESULTS (DATETIME, MID, CID, DISK_USAGE, TRAFFIC_IN, TRAFFIC_OUT, CLOCK, CPU_USAGE, SYSTEM_UPTIME, MEMORY_USAGE) VALUES('2024-02-29 17:54:03', 2, 4, '32.87', '0', '35312', '1709200443', '0.43', '44573', '0.0');
INSERT INTO RESULTS (DATETIME, MID, CID, DISK_USAGE, TRAFFIC_IN, TRAFFIC_OUT, CLOCK, CPU_USAGE, SYSTEM_UPTIME, MEMORY_USAGE) VALUES('2024-02-29 17:54:03', 2, 5, '32.87', '0', '35312', '1709200443', '0.43', '44573', '0.0');
INSERT INTO RESULTS (DATETIME, MID, CID, DISK_USAGE, TRAFFIC_IN, TRAFFIC_OUT, CLOCK, CPU_USAGE, SYSTEM_UPTIME, MEMORY_USAGE) VALUES('2024-02-29 17:54:03', 2, 6, '32.87', '0', '35312', '1709200443', '0.43', '44573', '0.0');
INSERT INTO RESULTS (DATETIME, MID, CID, DISK_USAGE, TRAFFIC_IN, TRAFFIC_OUT, CLOCK, CPU_USAGE, SYSTEM_UPTIME, MEMORY_USAGE) VALUES('2024-02-29 17:54:03', 3, 7, '32.87', '0', '35312', '1709200443', '0.43', '44573', '0.0');
INSERT INTO RESULTS (DATETIME, MID, CID, DISK_USAGE, TRAFFIC_IN, TRAFFIC_OUT, CLOCK, CPU_USAGE, SYSTEM_UPTIME, MEMORY_USAGE) VALUES('2024-02-29 17:54:03', 3, 8, '32.87', '0', '35312', '1709200443', '0.43', '44573', '0.0');
INSERT INTO RESULTS (DATETIME, MID, CID, DISK_USAGE, TRAFFIC_IN, TRAFFIC_OUT, CLOCK, CPU_USAGE, SYSTEM_UPTIME, MEMORY_USAGE) VALUES('2024-02-29 17:54:03', 3, 9, '32.87', '0', '35312', '1709200443', '0.43', '44573', '0.0');
INSERT INTO RESULTS (DATETIME, MID, CID, DISK_USAGE, TRAFFIC_IN, TRAFFIC_OUT, CLOCK, CPU_USAGE, SYSTEM_UPTIME, MEMORY_USAGE) VALUES('2024-02-29 17:54:03', 4, 10, '32.87', '0', '35312', '1709200443', '0.43', '44573', '0.0');
INSERT INTO RESULTS (DATETIME, MID, CID, DISK_USAGE, TRAFFIC_IN, TRAFFIC_OUT, CLOCK, CPU_USAGE, SYSTEM_UPTIME, MEMORY_USAGE) VALUES('2024-02-29 17:54:03', 4, 11, '32.87', '0', '35312', '1709200443', '0.43', '44573', '0.0');
INSERT INTO RESULTS (DATETIME, MID, CID, DISK_USAGE, TRAFFIC_IN, TRAFFIC_OUT, CLOCK, CPU_USAGE, SYSTEM_UPTIME, MEMORY_USAGE) VALUES('2024-02-29 17:54:03', 4, 12, '32.87', '0', '35312', '1709200443', '0.43', '44573', '0.0');

-- day 1: 4 March
INSERT INTO RESULTS (DATETIME, MID, CID, DISK_USAGE, TRAFFIC_IN, TRAFFIC_OUT, CLOCK, CPU_USAGE, SYSTEM_UPTIME, MEMORY_USAGE)
VALUES
('2024-03-04 15:00:00', 1, 1, '38.50', '0', '38200', '1709200400', '0.65', '44000', '0.15'),
('2024-03-04 15:00:00', 1, 2, '38.50', '0', '38200', '1709200400', '0.65', '44000', '0.15'),
('2024-03-04 15:00:00', 1, 3, '38.50', '0', '38200', '1709200400', '0.65', '44000', '0.15'),
('2024-03-04 15:00:00', 2, 4, '38.50', '0', '38200', '1709200400', '0.65', '44000', '0.15'),
('2024-03-04 15:00:00', 2, 5, '38.50', '0', '38200', '1709200400', '0.65', '44000', '0.15'),
('2024-03-04 15:00:00', 2, 6, '38.50', '0', '38200', '1709200400', '0.65', '44000', '0.15'),
('2024-03-04 15:00:00', 3, 7, '38.50', '0', '38200', '1709200400', '0.65', '44000', '0.15'),
('2024-03-04 15:00:00', 3, 8, '38.50', '0', '38200', '1709200400', '0.65', '44000', '0.15'),
('2024-03-04 15:00:00', 3, 9, '38.50', '0', '38200', '1709200400', '0.65', '44000', '0.15'),
('2024-03-04 15:00:00', 4, 10, '38.50', '0', '38200', '1709200400', '0.65', '44000', '0.15'),
('2024-03-04 15:00:00', 4, 11, '38.50', '0', '38200', '1709200400', '0.65', '44000', '0.15'),
('2024-03-04 15:00:00', 4, 12, '38.50', '0', '38200', '1709200400', '0.65', '44000', '0.15');

-- 3:01 PM
INSERT INTO RESULTS (DATETIME, MID, CID, DISK_USAGE, TRAFFIC_IN, TRAFFIC_OUT, CLOCK, CPU_USAGE, SYSTEM_UPTIME, MEMORY_USAGE)
VALUES
('2024-03-04 15:01:00', 1, 1, '38.45', '0', '38195', '1709200460', '0.66', '44001', '0.14'),
('2024-03-04 15:01:00', 1, 2, '38.45', '0', '38195', '1709200460', '0.66', '44001', '0.14'),
('2024-03-04 15:01:00', 1, 3, '38.45', '0', '38195', '1709200460', '0.66', '44001', '0.14'),
('2024-03-04 15:01:00', 2, 4, '38.45', '0', '38195', '1709200460', '0.66', '44001', '0.14'),
('2024-03-04 15:01:00', 2, 5, '38.45', '0', '38195', '1709200460', '0.66', '44001', '0.14'),
('2024-03-04 15:01:00', 2, 6, '38.45', '0', '38195', '1709200460', '0.66', '44001', '0.14'),
('2024-03-04 15:01:00', 3, 7, '38.45', '0', '38195', '1709200460', '0.66', '44001', '0.14'),
('2024-03-04 15:01:00', 3, 8, '38.45', '0', '38195', '1709200460', '0.66', '44001', '0.14'),
('2024-03-04 15:01:00', 3, 9, '38.45', '0', '38195', '1709200460', '0.66', '44001', '0.14'),
('2024-03-04 15:01:00', 4, 10, '38.45', '0', '38195', '1709200460', '0.66', '44001', '0.14'),
('2024-03-04 15:01:00', 4, 11, '38.45', '0', '38195', '1709200460', '0.66', '44001', '0.14'),
('2024-03-04 15:01:00', 4, 12, '38.45', '0', '38195', '1709200460', '0.66', '44001', '0.14');

INSERT INTO RESULTS (DATETIME, MID, CID, DISK_USAGE, TRAFFIC_IN, TRAFFIC_OUT, CLOCK, CPU_USAGE, SYSTEM_UPTIME, MEMORY_USAGE)
VALUES
('2024-03-04 15:02:00', 1, 1, '38.40', '0', '38190', '1709200520', '0.67', '44002', '0.13'),
('2024-03-04 15:02:00', 1, 2, '38.40', '0', '38190', '1709200520', '0.67', '44002', '0.13'),
('2024-03-04 15:02:00', 1, 3, '38.40', '0', '38190', '1709200520', '0.67', '44002', '0.13'),
('2024-03-04 15:02:00', 2, 4, '38.40', '0', '38190', '1709200520', '0.67', '44002', '0.13'),
('2024-03-04 15:02:00', 2, 5, '38.40', '0', '38190', '1709200520', '0.67', '44002', '0.13'),
('2024-03-04 15:02:00', 2, 6, '38.40', '0', '38190', '1709200520', '0.67', '44002', '0.13'),
('2024-03-04 15:02:00', 3, 7, '38.40', '0', '38190', '1709200520', '0.67', '44002', '0.13'),
('2024-03-04 15:02:00', 3, 8, '38.40', '0', '38190', '1709200520', '0.67', '44002', '0.13'),
('2024-03-04 15:02:00', 3, 9, '38.40', '0', '38190', '1709200520', '0.67', '44002', '0.13'),
('2024-03-04 15:02:00', 4, 10, '38.40', '0', '38190', '1709200520', '0.67', '44002', '0.13'),
('2024-03-04 15:02:00', 4, 11, '38.40', '0', '38190', '1709200520', '0.67', '44002', '0.13'),
('2024-03-04 15:02:00', 4, 12, '38.40', '0', '38190', '1709200520', '0.67', '44002', '0.13');

-- 5 March
INSERT INTO RESULTS (DATETIME, MID, CID, DISK_USAGE, TRAFFIC_IN, TRAFFIC_OUT, CLOCK, CPU_USAGE, SYSTEM_UPTIME, MEMORY_USAGE)
VALUES
('2024-03-05 15:00:00', 1, 1, '65.50', '120', '70000', '1709200400', '0.82', '55150', '0.73'),
('2024-03-05 15:00:00', 1, 2, '65.50', '120', '70000', '1709200400', '0.82', '55150', '0.73'),
('2024-03-05 15:00:00', 1, 3, '65.50', '120', '70000', '1709200400', '0.82', '55150', '0.73'),
('2024-03-05 15:00:00', 2, 4, '65.50', '120', '70000', '1709200400', '0.82', '55150', '0.73'),
('2024-03-05 15:00:00', 2, 5, '65.50', '120', '70000', '1709200400', '0.82', '55150', '0.73'),
('2024-03-05 15:00:00', 2, 6, '65.50', '120', '70000', '1709200400', '0.82', '55150', '0.73'),
('2024-03-05 15:00:00', 3, 7, '65.50', '120', '70000', '1709200400', '0.82', '55150', '0.73'),
('2024-03-05 15:00:00', 3, 8, '65.50', '120', '70000', '1709200400', '0.82', '55150', '0.73'),
('2024-03-05 15:00:00', 3, 9, '65.50', '120', '70000', '1709200400', '0.82', '55150', '0.73'),
('2024-03-05 15:00:00', 4, 10, '65.50', '120', '70000', '1709200400', '0.82', '55150', '0.73'),
('2024-03-05 15:00:00', 4, 11, '65.50', '120', '70000', '1709200400', '0.82', '55150', '0.73'),
('2024-03-05 15:00:00', 4, 12, '65.50', '120', '70000', '1709200400', '0.82', '55150', '0.73');

INSERT INTO RESULTS (DATETIME, MID, CID, DISK_USAGE, TRAFFIC_IN, TRAFFIC_OUT, CLOCK, CPU_USAGE, SYSTEM_UPTIME, MEMORY_USAGE)
VALUES
('2024-03-05 15:01:00', 1, 1, '66.20', '150', '72000', '1709200460', '0.83', '55200', '0.74'),
('2024-03-05 15:01:00', 1, 2, '66.20', '150', '72000', '1709200460', '0.83', '55200', '0.74'),
('2024-03-05 15:01:00', 1, 3, '66.20', '150', '72000', '1709200460', '0.83', '55200', '0.74'),
('2024-03-05 15:01:00', 2, 4, '66.20', '150', '72000', '1709200460', '0.83', '55200', '0.74'),
('2024-03-05 15:01:00', 2, 5, '66.20', '150', '72000', '1709200460', '0.83', '55200', '0.74'),
('2024-03-05 15:01:00', 2, 6, '66.20', '150', '72000', '1709200460', '0.83', '55200', '0.74'),
('2024-03-05 15:01:00', 3, 7, '66.20', '150', '72000', '1709200460', '0.83', '55200', '0.74'),
('2024-03-05 15:01:00', 3, 8, '66.20', '150', '72000', '1709200460', '0.83', '55200', '0.74'),
('2024-03-05 15:01:00', 3, 9, '66.20', '150', '72000', '1709200460', '0.83', '55200', '0.74'),
('2024-03-05 15:01:00', 4, 10, '66.20', '150', '72000', '1709200460', '0.83', '55200', '0.74'),
('2024-03-05 15:01:00', 4, 11, '66.20', '150', '72000', '1709200460', '0.83', '55200', '0.74'),
('2024-03-05 15:01:00', 4, 12, '66.20', '150', '72000', '1709200460', '0.83', '55200', '0.74');

INSERT INTO RESULTS (DATETIME, MID, CID, DISK_USAGE, TRAFFIC_IN, TRAFFIC_OUT, CLOCK, CPU_USAGE, SYSTEM_UPTIME, MEMORY_USAGE)
VALUES
('2024-03-05 15:02:00', 1, 1, '67.20', '0', '68750', '1709200520', '0.85', '55020', '0.75'),
('2024-03-05 15:02:00', 1, 2, '67.20', '0', '68750', '1709200520', '0.85', '55020', '0.75'),
('2024-03-05 15:02:00', 1, 3, '67.20', '0', '68750', '1709200520', '0.85', '55020', '0.75'),
('2024-03-05 15:02:00', 2, 4, '67.20', '0', '68750', '1709200520', '0.85', '55020', '0.75'),
('2024-03-05 15:02:00', 2, 5, '67.20', '0', '68750', '1709200520', '0.85', '55020', '0.75'),
('2024-03-05 15:02:00', 2, 6, '67.20', '0', '68750', '1709200520', '0.85', '55020', '0.75'),
('2024-03-05 15:02:00', 3, 7, '67.20', '0', '68750', '1709200520', '0.85', '55020', '0.75'),
('2024-03-05 15:02:00', 3, 8, '67.20', '0', '68750', '1709200520', '0.85', '55020', '0.75'),
('2024-03-05 15:02:00', 3, 9, '67.20', '0', '68750', '1709200520', '0.85', '55020', '0.75'),
('2024-03-05 15:02:00', 4, 10, '67.20', '0', '68750', '1709200520', '0.85', '55020', '0.75'),
('2024-03-05 15:02:00', 4, 11, '67.20', '0', '68750', '1709200520', '0.85', '55020', '0.75'),
('2024-03-05 15:02:00', 4, 12, '67.20', '0', '68750', '1709200520', '0.85', '55020', '0.75');

INSERT INTO RESULTS (DATETIME, MID, CID, DISK_USAGE, TRAFFIC_IN, TRAFFIC_OUT, CLOCK, CPU_USAGE, SYSTEM_UPTIME, MEMORY_USAGE)
VALUES
('2024-03-04 16:00:00', 1, 1, '42.87', '0', '38312', '1709200400', '0.53', '44573', '0.2'),
('2024-03-04 16:00:00', 1, 2, '42.87', '0', '38312', '1709200400', '0.53', '44573', '0.2'),
('2024-03-04 16:00:00', 1, 3, '42.87', '0', '38312', '1709200400', '0.53', '44573', '0.2'),
('2024-03-04 16:00:00', 2, 4, '42.87', '0', '38312', '1709200400', '0.53', '44573', '0.2'),
('2024-03-04 16:00:00', 2, 5, '42.87', '0', '38312', '1709200400', '0.53', '44573', '0.2'),
('2024-03-04 16:00:00', 2, 6, '42.87', '0', '38312', '1709200400', '0.53', '44573', '0.2'),
('2024-03-04 16:00:00', 3, 7, '42.87', '0', '38312', '1709200400', '0.53', '44573', '0.2'),
('2024-03-04 16:00:00', 3, 8, '42.87', '0', '38312', '1709200400', '0.53', '44573', '0.2'),
('2024-03-04 16:00:00', 3, 9, '42.87', '0', '38312', '1709200400', '0.53', '44573', '0.2'),
('2024-03-04 16:00:00', 4, 10, '42.87', '0', '38312', '1709200400', '0.53', '44573', '0.2'),
('2024-03-04 16:00:00', 4, 11, '42.87', '0', '38312', '1709200400', '0.53', '44573', '0.2'),
('2024-03-04 16:00:00', 4, 12, '42.87', '0', '38312', '1709200400', '0.53', '44573', '0.2');

INSERT INTO RESULTS (DATETIME, MID, CID, DISK_USAGE, TRAFFIC_IN, TRAFFIC_OUT, CLOCK, CPU_USAGE, SYSTEM_UPTIME, MEMORY_USAGE)
VALUES
('2024-03-04 16:01:00', 1, 1, '42.87', '0', '38312', '1709200460', '0.53', '44573', '0.2'),
('2024-03-04 16:01:00', 1, 2, '42.87', '0', '38312', '1709200460', '0.53', '44573', '0.2'),
('2024-03-04 16:01:00', 1, 3, '42.87', '0', '38312', '1709200460', '0.53', '44573', '0.2'),
('2024-03-04 16:01:00', 2, 4, '42.87', '0', '38312', '1709200460', '0.53', '44573', '0.2'),
('2024-03-04 16:01:00', 2, 5, '42.87', '0', '38312', '1709200460', '0.53', '44573', '0.2'),
('2024-03-04 16:01:00', 2, 6, '42.87', '0', '38312', '1709200460', '0.53', '44573', '0.2'),
('2024-03-04 16:01:00', 3, 7, '42.87', '0', '38312', '1709200460', '0.53', '44573', '0.2'),
('2024-03-04 16:01:00', 3, 8, '42.87', '0', '38312', '1709200460', '0.53', '44573', '0.2'),
('2024-03-04 16:01:00', 3, 9, '42.87', '0', '38312', '1709200460', '0.53', '44573', '0.2'),
('2024-03-04 16:01:00', 4, 10, '42.87', '0', '38312', '1709200460', '0.53', '44573', '0.2'),
('2024-03-04 16:01:00', 4, 11, '42.87', '0', '38312', '1709200460', '0.53', '44573', '0.2'),
('2024-03-04 16:01:00', 4, 12, '42.87', '0', '38312', '1709200460', '0.53', '44573', '0.2');


INSERT INTO RESULTS (DATETIME, MID, CID, DISK_USAGE, TRAFFIC_IN, TRAFFIC_OUT, CLOCK, CPU_USAGE, SYSTEM_UPTIME, MEMORY_USAGE)
VALUES
('2024-03-04 16:02:00', 1, 1, '42.87', '0', '38312', '1709200520', '0.53', '44573', '0.2'),
('2024-03-04 16:02:00', 1, 2, '42.87', '0', '38312', '1709200520', '0.53', '44573', '0.2'),
('2024-03-04 16:02:00', 1, 3, '42.87', '0', '38312', '1709200520', '0.53', '44573', '0.2'),
('2024-03-04 16:02:00', 2, 4, '42.87', '0', '38312', '1709200520', '0.53', '44573', '0.2'),
('2024-03-04 16:02:00', 2, 5, '42.87', '0', '38312', '1709200520', '0.53', '44573', '0.2'),
('2024-03-04 16:02:00', 2, 6, '42.87', '0', '38312', '1709200520', '0.53', '44573', '0.2'),
('2024-03-04 16:02:00', 3, 7, '42.87', '0', '38312', '1709200520', '0.53', '44573', '0.2'),
('2024-03-04 16:02:00', 3, 8, '42.87', '0', '38312', '1709200520', '0.53', '44573', '0.2'),
('2024-03-04 16:02:00', 3, 9, '42.87', '0', '38312', '1709200520', '0.53', '44573', '0.2'),
('2024-03-04 16:02:00', 4, 10, '42.87', '0', '38312', '1709200520', '0.53', '44573', '0.2'),
('2024-03-04 16:02:00', 4, 11, '42.87', '0', '38312', '1709200520', '0.53', '44573', '0.2'),
('2024-03-04 16:02:00', 4, 12, '42.87', '0', '38312', '1709200520', '0.53', '44573', '0.2');

INSERT INTO RESULTS (DATETIME, MID, CID, DISK_USAGE, TRAFFIC_IN, TRAFFIC_OUT, CLOCK, CPU_USAGE, SYSTEM_UPTIME, MEMORY_USAGE)
VALUES
('2024-03-05 16:00:00', 1, 1, '75.50', '220', '80000', '1709200400', '0.92', '65150', '0.83'),
('2024-03-05 16:00:00', 1, 2, '75.50', '220', '80000', '1709200400', '0.92', '65150', '0.83'),
('2024-03-05 16:00:00', 1, 3, '75.50', '220', '80000', '1709200400', '0.92', '65150', '0.83'),
('2024-03-05 16:00:00', 2, 4, '75.50', '220', '80000', '1709200400', '0.92', '65150', '0.83'),
('2024-03-05 16:00:00', 2, 5, '75.50', '220', '80000', '1709200400', '0.92', '65150', '0.83'),
('2024-03-05 16:00:00', 2, 6, '75.50', '220', '80000', '1709200400', '0.92', '65150', '0.83'),
('2024-03-05 16:00:00', 3, 7, '75.50', '220', '80000', '1709200400', '0.92', '65150', '0.83'),
('2024-03-05 16:00:00', 3, 8, '75.50', '220', '80000', '1709200400', '0.92', '65150', '0.83'),
('2024-03-05 16:00:00', 3, 9, '75.50', '220', '80000', '1709200400', '0.92', '65150', '0.83'),
('2024-03-05 16:00:00', 4, 10, '75.50', '220', '80000', '1709200400', '0.92', '65150', '0.83'),
('2024-03-05 16:00:00', 4, 11, '75.50', '220', '80000', '1709200400', '0.92', '65150', '0.83'),
('2024-03-05 16:00:00', 4, 12, '75.50', '220', '80000', '1709200400', '0.92', '65150', '0.83');

INSERT INTO RESULTS (DATETIME, MID, CID, DISK_USAGE, TRAFFIC_IN, TRAFFIC_OUT, CLOCK, CPU_USAGE, SYSTEM_UPTIME, MEMORY_USAGE)
VALUES
('2024-03-05 16:01:00', 1, 1, '76.20', '250', '82000', '1709200460', '0.93', '65200', '0.84'),
('2024-03-05 16:01:00', 1, 2, '76.20', '250', '82000', '1709200460', '0.93', '65200', '0.84'),
('2024-03-05 16:01:00', 1, 3, '76.20', '250', '82000', '1709200460', '0.93', '65200', '0.84'),
('2024-03-05 16:01:00', 2, 4, '76.20', '250', '82000', '1709200460', '0.93', '65200', '0.84'),
('2024-03-05 16:01:00', 2, 5, '76.20', '250', '82000', '1709200460', '0.93', '65200', '0.84'),
('2024-03-05 16:01:00', 2, 6, '76.20', '250', '82000', '1709200460', '0.93', '65200', '0.84'),
('2024-03-05 16:01:00', 3, 7, '76.20', '250', '82000', '1709200460', '0.93', '65200', '0.84'),
('2024-03-05 16:01:00', 3, 8, '76.20', '250', '82000', '1709200460', '0.93', '65200', '0.84'),
('2024-03-05 16:01:00', 3, 9, '76.20', '250', '82000', '1709200460', '0.93', '65200', '0.84'),
('2024-03-05 16:01:00', 4, 10, '76.20', '250', '82000', '1709200460', '0.93', '65200', '0.84'),
('2024-03-05 16:01:00', 4, 11, '76.20', '250', '82000', '1709200460', '0.93', '65200', '0.84'),
('2024-03-05 16:01:00', 4, 12, '76.20', '250', '82000', '1709200460', '0.93', '65200', '0.84');

INSERT INTO RESULTS (DATETIME, MID, CID, DISK_USAGE, TRAFFIC_IN, TRAFFIC_OUT, CLOCK, CPU_USAGE, SYSTEM_UPTIME, MEMORY_USAGE)
VALUES
('2024-03-05 16:02:00', 1, 1, '77.60', '310', '86000', '1709200520', '0.95', '65300', '0.86'),
('2024-03-05 16:02:00', 1, 2, '77.60', '310', '86000', '1709200520', '0.95', '65300', '0.86'),
('2024-03-05 16:02:00', 1, 3, '77.60', '310', '86000', '1709200520', '0.95', '65300', '0.86'),
('2024-03-05 16:02:00', 2, 4, '77.60', '310', '86000', '1709200520', '0.95', '65300', '0.86'),
('2024-03-05 16:02:00', 2, 5, '77.60', '310', '86000', '1709200520', '0.95', '65300', '0.86'),
('2024-03-05 16:02:00', 2, 6, '77.60', '310', '86000', '1709200520', '0.95', '65300', '0.86'),
('2024-03-05 16:02:00', 3, 7, '77.60', '310', '86000', '1709200520', '0.95', '65300', '0.86'),
('2024-03-05 16:02:00', 3, 8, '77.60', '310', '86000', '1709200520', '0.95', '65300', '0.86'),
('2024-03-05 16:02:00', 3, 9, '77.60', '310', '86000', '1709200520', '0.95', '65300', '0.86'),
('2024-03-05 16:02:00', 4, 10, '77.60', '310', '86000', '1709200520', '0.95', '65300', '0.86'),
('2024-03-05 16:02:00', 4, 11, '77.60', '310', '86000', '1709200520', '0.95', '65300', '0.86'),
('2024-03-05 16:02:00', 4, 12, '77.60', '310', '86000', '1709200520', '0.95', '65300', '0.86');


-- 6 March
INSERT INTO RESULTS (DATETIME, MID, CID, DISK_USAGE, TRAFFIC_IN, TRAFFIC_OUT, CLOCK, CPU_USAGE, SYSTEM_UPTIME, MEMORY_USAGE)
VALUES
('2024-03-06 15:20:00', 1, 1, '86.20', '425', '92000', '1709200720', '0.98', '71230', '0.92'),
('2024-03-06 15:20:00', 1, 2, '86.20', '425', '92000', '1709200720', '0.98', '71230', '0.92'),
('2024-03-06 15:20:00', 1, 3, '86.20', '425', '92000', '1709200720', '0.98', '71230', '0.92'),
('2024-03-06 15:20:00', 2, 4, '86.20', '425', '92000', '1709200720', '0.98', '71230', '0.92'),
('2024-03-06 15:20:00', 2, 5, '86.20', '425', '92000', '1709200720', '0.98', '71230', '0.92'),
('2024-03-06 15:20:00', 2, 6, '86.20', '425', '92000', '1709200720', '0.98', '71230', '0.92'),
('2024-03-06 15:20:00', 3, 7, '86.20', '425', '92000', '1709200720', '0.98', '71230', '0.92'),
('2024-03-06 15:20:00', 3, 8, '86.20', '425', '92000', '1709200720', '0.98', '71230', '0.92'),
('2024-03-06 15:20:00', 3, 9, '86.20', '425', '92000', '1709200720', '0.98', '71230', '0.92'),
('2024-03-06 15:20:00', 4, 10, '86.20', '425', '92000', '1709200720', '0.98', '71230', '0.92'),
('2024-03-06 15:20:00', 4, 11, '86.20', '425', '92000', '1709200720', '0.98', '71230', '0.92'),
('2024-03-06 15:20:00', 4, 12, '86.20', '425', '92000', '1709200720', '0.98', '71230', '0.92');

INSERT INTO RESULTS (DATETIME, MID, CID, DISK_USAGE, TRAFFIC_IN, TRAFFIC_OUT, CLOCK, CPU_USAGE, SYSTEM_UPTIME, MEMORY_USAGE)
VALUES
('2024-03-06 15:21:00', 1, 1, '86.20', '425', '93000', '1709200780', '0.99', '71231', '0.91'),
('2024-03-06 15:21:00', 1, 2, '86.20', '425', '93000', '1709200780', '0.99', '71231', '0.91'),
('2024-03-06 15:21:00', 1, 3, '86.20', '425', '93000', '1709200780', '0.99', '71231', '0.91'),
('2024-03-06 15:21:00', 2, 4, '86.20', '425', '93000', '1709200780', '0.99', '71231', '0.91'),
('2024-03-06 15:21:00', 2, 5, '86.20', '425', '93000', '1709200780', '0.99', '71231', '0.91'),
('2024-03-06 15:21:00', 2, 6, '86.20', '425', '93000', '1709200780', '0.99', '71231', '0.91'),
('2024-03-06 15:21:00', 3, 7, '86.20', '425', '93000', '1709200780', '0.99', '71231', '0.91'),
('2024-03-06 15:21:00', 3, 8, '86.20', '425', '93000', '1709200780', '0.99', '71231', '0.91'),
('2024-03-06 15:21:00', 3, 9, '86.20', '425', '93000', '1709200780', '0.99', '71231', '0.91'),
('2024-03-06 15:21:00', 4, 10, '86.20', '425', '93000', '1709200780', '0.99', '71231', '0.91'),
('2024-03-06 15:21:00', 4, 11, '86.20', '425', '93000', '1709200780', '0.99', '71231', '0.91'),
('2024-03-06 15:21:00', 4, 12, '86.20', '425', '93000', '1709200780', '0.99', '71231', '0.91');

INSERT INTO RESULTS (DATETIME, MID, CID, DISK_USAGE, TRAFFIC_IN, TRAFFIC_OUT, CLOCK, CPU_USAGE, SYSTEM_UPTIME, MEMORY_USAGE)
VALUES
('2024-03-06 15:22:00', 1, 1, '86.20', '425', '94000', '1709200840', '0.99', '71232', '0.90'),
('2024-03-06 15:22:00', 1, 2, '86.20', '425', '94000', '1709200840', '0.99', '71232', '0.90'),
('2024-03-06 15:22:00', 1, 3, '86.20', '425', '94000', '1709200840', '0.99', '71232', '0.90'),
('2024-03-06 15:22:00', 2, 4, '86.20', '425', '94000', '1709200840', '0.99', '71232', '0.90'),
('2024-03-06 15:22:00', 2, 5, '86.20', '425', '94000', '1709200840', '0.99', '71232', '0.90'),
('2024-03-06 15:22:00', 2, 6, '86.20', '425', '94000', '1709200840', '0.99', '71232', '0.90'),
('2024-03-06 15:22:00', 3, 7, '86.20', '425', '94000', '1709200840', '0.99', '71232', '0.90'),
('2024-03-06 15:22:00', 3, 8, '86.20', '425', '94000', '1709200840', '0.99', '71232', '0.90'),
('2024-03-06 15:22:00', 3, 9, '86.20', '425', '94000', '1709200840', '0.99', '71232', '0.90'),
('2024-03-06 15:22:00', 4, 10, '86.20', '425', '94000', '1709200840', '0.99', '71232', '0.90'),
('2024-03-06 15:22:00', 4, 11, '86.20', '425', '94000', '1709200840', '0.99', '71232', '0.90'),
('2024-03-06 15:22:00', 4, 12, '86.20', '425', '94000', '1709200840', '0.99', '71232', '0.90');

INSERT INTO RESULTS (DATETIME, MID, CID, DISK_USAGE, TRAFFIC_IN, TRAFFIC_OUT, CLOCK, CPU_USAGE, SYSTEM_UPTIME, MEMORY_USAGE)
VALUES
('2024-03-06 16:45:00', 1, 1, '70.12', '950', '158000', '1709201545', '0.92', '70233', '0.63'),
('2024-03-06 16:45:00', 1, 2, '70.12', '950', '158000', '1709201545', '0.92', '70233', '0.63'),
('2024-03-06 16:45:00', 1, 3, '70.12', '950', '158000', '1709201545', '0.92', '70233', '0.63'),
('2024-03-06 16:45:00', 2, 4, '70.12', '950', '158000', '1709201545', '0.92', '70233', '0.63'),
('2024-03-06 16:45:00', 2, 5, '70.12', '950', '158000', '1709201545', '0.92', '70233', '0.63'),
('2024-03-06 16:45:00', 2, 6, '70.12', '950', '158000', '1709201545', '0.92', '70233', '0.63'),
('2024-03-06 16:45:00', 3, 7, '70.12', '950', '158000', '1709201545', '0.92', '70233', '0.63'),
('2024-03-06 16:45:00', 3, 8, '70.12', '950', '158000', '1709201545', '0.92', '70233', '0.63'),
('2024-03-06 16:45:00', 3, 9, '70.12', '950', '158000', '1709201545', '0.92', '70233', '0.63'),
('2024-03-06 16:45:00', 4, 10, '70.12', '950', '158000', '1709201545', '0.92', '70233', '0.63'),
('2024-03-06 16:45:00', 4, 11, '70.12', '950', '158000', '1709201545', '0.92', '70233', '0.63'),
('2024-03-06 16:45:00', 4, 12, '70.12', '950', '158000', '1709201545', '0.92', '70233', '0.63');

INSERT INTO RESULTS (DATETIME, MID, CID, DISK_USAGE, TRAFFIC_IN, TRAFFIC_OUT, CLOCK, CPU_USAGE, SYSTEM_UPTIME, MEMORY_USAGE)
VALUES
('2024-03-06 16:46:00', 1, 1, '68.20', '980', '162000', '1709201560', '0.94', '70234', '0.61'),
('2024-03-06 16:46:00', 1, 2, '68.20', '980', '162000', '1709201560', '0.94', '70234', '0.61'),
('2024-03-06 16:46:00', 1, 3, '68.20', '980', '162000', '1709201560', '0.94', '70234', '0.61'),
('2024-03-06 16:46:00', 2, 4, '68.20', '980', '162000', '1709201560', '0.94', '70234', '0.61'),
('2024-03-06 16:46:00', 2, 5, '68.20', '980', '162000', '1709201560', '0.94', '70234', '0.61'),
('2024-03-06 16:46:00', 2, 6, '68.20', '980', '162000', '1709201560', '0.94', '70234', '0.61'),
('2024-03-06 16:46:00', 3, 7, '68.20', '980', '162000', '1709201560', '0.94', '70234', '0.61'),
('2024-03-06 16:46:00', 3, 8, '68.20', '980', '162000', '1709201560', '0.94', '70234', '0.61'),
('2024-03-06 16:46:00', 3, 9, '68.20', '980', '162000', '1709201560', '0.94', '70234', '0.61'),
('2024-03-06 16:46:00', 4, 10, '68.20', '980', '162000', '1709201560', '0.94', '70234', '0.61'),
('2024-03-06 16:46:00', 4, 11, '68.20', '980', '162000', '1709201560', '0.94', '70234', '0.61'),
('2024-03-06 16:46:00', 4, 12, '68.20', '980', '162000', '1709201560', '0.94', '70234', '0.61');

INSERT INTO RESULTS (DATETIME, MID, CID, DISK_USAGE, TRAFFIC_IN, TRAFFIC_OUT, CLOCK, CPU_USAGE, SYSTEM_UPTIME, MEMORY_USAGE)
VALUES
('2024-03-06 16:47:00', 1, 1, '66.35', '1010', '166000', '1709201580', '0.96', '70235', '0.59'),
('2024-03-06 16:47:00', 1, 2, '66.35', '1010', '166000', '1709201580', '0.96', '70235', '0.59'),
('2024-03-06 16:47:00', 1, 3, '66.35', '1010', '166000', '1709201580', '0.96', '70235', '0.59'),
('2024-03-06 16:47:00', 2, 4, '66.35', '1010', '166000', '1709201580', '0.96', '70235', '0.59'),
('2024-03-06 16:47:00', 2, 5, '66.35', '1010', '166000', '1709201580', '0.96', '70235', '0.59'),
('2024-03-06 16:47:00', 2, 6, '66.35', '1010', '166000', '1709201580', '0.96', '70235', '0.59'),
('2024-03-06 16:47:00', 3, 7, '66.35', '1010', '166000', '1709201580', '0.96', '70235', '0.59'),
('2024-03-06 16:47:00', 3, 8, '66.35', '1010', '166000', '1709201580', '0.96', '70235', '0.59'),
('2024-03-06 16:47:00', 3, 9, '66.35', '1010', '166000', '1709201580', '0.96', '70235', '0.59'),
('2024-03-06 16:47:00', 4, 10, '66.35', '1010', '166000', '1709201580', '0.96', '70235', '0.59'),
('2024-03-06 16:47:00', 4, 11, '66.35', '1010', '166000', '1709201580', '0.96', '70235', '0.59'),
('2024-03-06 16:47:00', 4, 12, '66.35', '1010', '166000', '1709201580', '0.96', '70235', '0.59');




-- 7 March
INSERT INTO RESULTS (DATETIME, MID, CID, DISK_USAGE, TRAFFIC_IN, TRAFFIC_OUT, CLOCK, CPU_USAGE, SYSTEM_UPTIME, MEMORY_USAGE)
VALUES
('2024-03-07 15:23:00', 1, 1, '80.50', '1150', '184000', '1709272980', '0.98', '70236', '0.48'),
('2024-03-07 15:23:00', 1, 2, '80.50', '1150', '184000', '1709272980', '0.98', '70236', '0.48'),
('2024-03-07 15:23:00', 1, 3, '80.50', '1150', '184000', '1709272980', '0.98', '70236', '0.48'),
('2024-03-07 15:23:00', 2, 4, '80.50', '1150', '184000', '1709272980', '0.98', '70236', '0.48'),
('2024-03-07 15:23:00', 2, 5, '80.50', '1150', '184000', '1709272980', '0.98', '70236', '0.48'),
('2024-03-07 15:23:00', 2, 6, '80.50', '1150', '184000', '1709272980', '0.98', '70236', '0.48'),
('2024-03-07 15:23:00', 3, 7, '80.50', '1150', '184000', '1709272980', '0.98', '70236', '0.48'),
('2024-03-07 15:23:00', 3, 8, '80.50', '1150', '184000', '1709272980', '0.98', '70236', '0.48'),
('2024-03-07 15:23:00', 3, 9, '80.50', '1150', '184000', '1709272980', '0.98', '70236', '0.48'),
('2024-03-07 15:23:00', 4, 10, '80.50', '1150', '184000', '1709272980', '0.98', '70236', '0.48'),
('2024-03-07 15:23:00', 4, 11, '80.50', '1150', '184000', '1709272980', '0.98', '70236', '0.48'),
('2024-03-07 15:23:00', 4, 12, '80.50', '1150', '184000', '1709272980', '0.98', '70236', '0.48');

-- Day 7: March 7, 2024 (3:24:00 PM)
INSERT INTO RESULTS (DATETIME, MID, CID, DISK_USAGE, TRAFFIC_IN, TRAFFIC_OUT, CLOCK, CPU_USAGE, SYSTEM_UPTIME, MEMORY_USAGE)
VALUES
('2024-03-07 15:24:00', 1, 1, '79.20', '1160', '185000', '1709273040', '0.99', '70237', '0.47'),
('2024-03-07 15:24:00', 1, 2, '79.20', '1160', '185000', '1709273040', '0.99', '70237', '0.47'),
('2024-03-07 15:24:00', 1, 3, '79.20', '1160', '185000', '1709273040', '0.99', '70237', '0.47'),
('2024-03-07 15:24:00', 2, 4, '79.20', '1160', '185000', '1709273040', '0.99', '70237', '0.47'),
('2024-03-07 15:24:00', 2, 5, '79.20', '1160', '185000', '1709273040', '0.99', '70237', '0.47'),
('2024-03-07 15:24:00', 2, 6, '79.20', '1160', '185000', '1709273040', '0.99', '70237', '0.47'),
('2024-03-07 15:24:00', 3, 7, '79.20', '1160', '185000', '1709273040', '0.99', '70237', '0.47'),
('2024-03-07 15:24:00', 3, 8, '79.20', '1160', '185000', '1709273040', '0.99', '70237', '0.47'),
('2024-03-07 15:24:00', 3, 9, '79.20', '1160', '185000', '1709273040', '0.99', '70237', '0.47'),
('2024-03-07 15:24:00', 4, 10, '79.20', '1160', '185000', '1709273040', '0.99', '70237', '0.47'),
('2024-03-07 15:24:00', 4, 11, '79.20', '1160', '185000', '1709273040', '0.99', '70237', '0.47'),
('2024-03-07 15:24:00', 4, 12, '79.20', '1160', '185000', '1709273040', '0.99', '70237', '0.47');

INSERT INTO RESULTS (DATETIME, MID, CID, DISK_USAGE, TRAFFIC_IN, TRAFFIC_OUT, CLOCK, CPU_USAGE, SYSTEM_UPTIME, MEMORY_USAGE)
VALUES
('2024-03-07 15:25:00', 1, 2, '78.10', '1170', '186000', '1709273100', '1.00', '70238', '0.46'),
('2024-03-07 15:25:00', 1, 3, '78.10', '1170', '186000', '1709273100', '1.00', '70238', '0.46'),
('2024-03-07 15:25:00', 2, 4, '78.10', '1170', '186000', '1709273100', '1.00', '70238', '0.46'),
('2024-03-07 15:25:00', 2, 5, '78.10', '1170', '186000', '1709273100', '1.00', '70238', '0.46'),
('2024-03-07 15:25:00', 2, 6, '78.10', '1170', '186000', '1709273100', '1.00', '70238', '0.46'),
('2024-03-07 15:25:00', 3, 7, '78.10', '1170', '186000', '1709273100', '1.00', '70238', '0.46'),
('2024-03-07 15:25:00', 3, 8, '78.10', '1170', '186000', '1709273100', '1.00', '70238', '0.46'),
('2024-03-07 15:25:00', 3, 9, '78.10', '1170', '186000', '1709273100', '1.00', '70238', '0.46'),
('2024-03-07 15:25:00', 4, 10, '78.10', '1170', '186000', '1709273100', '1.00', '70238', '0.46'),
('2024-03-07 15:25:00', 4, 11, '78.10', '1170', '186000', '1709273100', '1.00', '70238', '0.46'),
('2024-03-07 15:25:00', 4, 12, '78.10', '1170', '186000', '1709273100', '1.00', '70238', '0.46');

INSERT INTO RESULTS (DATETIME, MID, CID, DISK_USAGE, TRAFFIC_IN, TRAFFIC_OUT, CLOCK, CPU_USAGE, SYSTEM_UPTIME, MEMORY_USAGE)
VALUES
('2024-03-07 16:51:00', 1, 1, '93.45', '820', '127000', '1709201860', '0.99', '71231', '0.89'),
('2024-03-07 16:51:00', 1, 2, '93.45', '820', '127000', '1709201860', '0.99', '71231', '0.89'),
('2024-03-07 16:51:00', 1, 3, '93.45', '820', '127000', '1709201860', '0.99', '71231', '0.89'),
('2024-03-07 16:51:00', 2, 4, '93.45', '820', '127000', '1709201860', '0.99', '71231', '0.89'),
('2024-03-07 16:51:00', 2, 5, '93.45', '820', '127000', '1709201860', '0.99', '71231', '0.89'),
('2024-03-07 16:51:00', 2, 6, '93.45', '820', '127000', '1709201860', '0.99', '71231', '0.89'),
('2024-03-07 16:51:00', 3, 7, '93.45', '820', '127000', '1709201860', '0.99', '71231', '0.89'),
('2024-03-07 16:51:00', 3, 8, '93.45', '820', '127000', '1709201860', '0.99', '71231', '0.89'),
('2024-03-07 16:51:00', 3, 9, '93.45', '820', '127000', '1709201860', '0.99', '71231', '0.89'),
('2024-03-07 16:51:00', 4, 10, '93.45', '820', '127000', '1709201860', '0.99', '71231', '0.89'),
('2024-03-07 16:51:00', 4, 11, '93.45', '820', '127000', '1709201860', '0.99', '71231', '0.89'),
('2024-03-07 16:51:00', 4, 12, '93.45', '820', '127000', '1709201860', '0.99', '71231', '0.89');

INSERT INTO RESULTS (DATETIME, MID, CID, DISK_USAGE, TRAFFIC_IN, TRAFFIC_OUT, CLOCK, CPU_USAGE, SYSTEM_UPTIME, MEMORY_USAGE)
VALUES
('2024-03-07 16:52:00', 1, 1, '93.45', '820', '128000', '1709201920', '0.99', '71232', '0.88'),
('2024-03-07 16:52:00', 1, 2, '93.45', '820', '128000', '1709201920', '0.99', '71232', '0.88'),
('2024-03-07 16:52:00', 1, 3, '93.45', '820', '128000', '1709201920', '0.99', '71232', '0.88'),
('2024-03-07 16:52:00', 2, 4, '93.45', '820', '128000', '1709201920', '0.99', '71232', '0.88'),
('2024-03-07 16:52:00', 2, 5, '93.45', '820', '128000', '1709201920', '0.99', '71232', '0.88'),
('2024-03-07 16:52:00', 2, 6, '93.45', '820', '128000', '1709201920', '0.99', '71232', '0.88'),
('2024-03-07 16:52:00', 3, 7, '93.45', '820', '128000', '1709201920', '0.99', '71232', '0.88'),
('2024-03-07 16:52:00', 3, 8, '93.45', '820', '128000', '1709201920', '0.99', '71232', '0.88'),
('2024-03-07 16:52:00', 3, 9, '93.45', '820', '128000', '1709201920', '0.99', '71232', '0.88'),
('2024-03-07 16:52:00', 4, 10, '93.45', '820', '128000', '1709201920', '0.99', '71232', '0.88'),
('2024-03-07 16:52:00', 4, 11, '93.45', '820', '128000', '1709201920', '0.99', '71232', '0.88'),
('2024-03-07 16:52:00', 4, 12, '93.45', '820', '128000', '1709201920', '0.99', '71232', '0.88');

INSERT INTO RESULTS (DATETIME, MID, CID, DISK_USAGE, TRAFFIC_IN, TRAFFIC_OUT, CLOCK, CPU_USAGE, SYSTEM_UPTIME, MEMORY_USAGE)
VALUES
('2024-03-07 16:53:00', 1, 1, '93.45', '820', '129000', '1709201980', '0.99', '71233', '0.87'),
('2024-03-07 16:53:00', 1, 2, '93.45', '820', '129000', '1709201980', '0.99', '71233', '0.87'),
('2024-03-07 16:53:00', 1, 3, '93.45', '820', '129000', '1709201980', '0.99', '71233', '0.87'),
('2024-03-07 16:53:00', 2, 4, '93.45', '820', '129000', '1709201980', '0.99', '71233', '0.87'),
('2024-03-07 16:53:00', 2, 5, '93.45', '820', '129000', '1709201980', '0.99', '71233', '0.87'),
('2024-03-07 16:53:00', 2, 6, '93.45', '820', '129000', '1709201980', '0.99', '71233', '0.87'),
('2024-03-07 16:53:00', 3, 7, '93.45', '820', '129000', '1709201980', '0.99', '71233', '0.87'),
('2024-03-07 16:53:00', 3, 8, '93.45', '820', '129000', '1709201980', '0.99', '71233', '0.87'),
('2024-03-07 16:53:00', 3, 9, '93.45', '820', '129000', '1709201980', '0.99', '71233', '0.87'),
('2024-03-07 16:53:00', 4, 10, '93.45', '820', '129000', '1709201980', '0.99', '71233', '0.87'),
('2024-03-07 16:53:00', 4, 11, '93.45', '820', '129000', '1709201980', '0.99', '71233', '0.87'),
('2024-03-07 16:53:00', 4, 12, '93.45', '820', '129000', '1709201980', '0.99', '71233', '0.87');

-- 8 March
INSERT INTO RESULTS (DATETIME, MID, CID, DISK_USAGE, TRAFFIC_IN, TRAFFIC_OUT, CLOCK, CPU_USAGE, SYSTEM_UPTIME, MEMORY_USAGE)
VALUES
('2024-03-08 15:48:00', 1, 1, '35.20', '1300', '191000', '1709273680', '0.87', '70644', '0.33'),
('2024-03-08 15:48:00', 1, 2, '35.20', '1300', '191000', '1709273680', '0.87', '70644', '0.33'),
('2024-03-08 15:48:00', 1, 3, '35.20', '1300', '191000', '1709273680', '0.87', '70644', '0.33'),
('2024-03-08 15:48:00', 2, 4, '35.20', '1300', '191000', '1709273680', '0.87', '70644', '0.33'),
('2024-03-08 15:48:00', 2, 5, '35.20', '1300', '191000', '1709273680', '0.87', '70644', '0.33'),
('2024-03-08 15:48:00', 2, 6, '35.20', '1300', '191000', '1709273680', '0.87', '70644', '0.33'),
('2024-03-08 15:48:00', 3, 7, '35.20', '1300', '191000', '1709273680', '0.87', '70644', '0.33'),
('2024-03-08 15:48:00', 3, 8, '35.20', '1300', '191000', '1709273680', '0.87', '70644', '0.33'),
('2024-03-08 15:48:00', 3, 9, '35.20', '1300', '191000', '1709273680', '0.87', '70644', '0.33'),
('2024-03-08 15:48:00', 4, 10, '35.20', '1300', '191000', '1709273680', '0.87', '70644', '0.33'),
('2024-03-08 15:48:00', 4, 11, '35.20', '1300', '191000', '1709273680', '0.87', '70644', '0.33'),
('2024-03-08 15:48:00', 4, 12, '35.20', '1300', '191000', '1709273680', '0.87', '70644', '0.33');

INSERT INTO RESULTS (DATETIME, MID, CID, DISK_USAGE, TRAFFIC_IN, TRAFFIC_OUT, CLOCK, CPU_USAGE, SYSTEM_UPTIME, MEMORY_USAGE)
VALUES
('2024-03-08 15:49:00', 1, 1, '35.20', '1300', '191000', '1709273740', '0.87', '70644', '0.33'),
('2024-03-08 15:49:00', 1, 2, '35.20', '1300', '191000', '1709273740', '0.87', '70644', '0.33'),
('2024-03-08 15:49:00', 1, 3, '35.20', '1300', '191000', '1709273740', '0.87', '70644', '0.33'),
('2024-03-08 15:49:00', 2, 4, '35.20', '1300', '191000', '1709273740', '0.87', '70644', '0.33'),
('2024-03-08 15:49:00', 2, 5, '35.20', '1300', '191000', '1709273740', '0.87', '70644', '0.33'),
('2024-03-08 15:49:00', 2, 6, '35.20', '1300', '191000', '1709273740', '0.87', '70644', '0.33'),
('2024-03-08 15:49:00', 3, 7, '35.20', '1300', '191000', '1709273740', '0.87', '70644', '0.33'),
('2024-03-08 15:49:00', 3, 8, '35.20', '1300', '191000', '1709273740', '0.87', '70644', '0.33'),
('2024-03-08 15:49:00', 3, 9, '35.20', '1300', '191000', '1709273740', '0.87', '70644', '0.33'),
('2024-03-08 15:49:00', 4, 10, '35.20', '1300', '191000', '1709273740', '0.87', '70644', '0.33'),
('2024-03-08 15:49:00', 4, 11, '35.20', '1300', '191000', '1709273740', '0.87', '70644', '0.33'),
('2024-03-08 15:49:00', 4, 12, '35.20', '1300', '191000', '1709273740', '0.87', '70644', '0.33');

INSERT INTO RESULTS (DATETIME, MID, CID, DISK_USAGE, TRAFFIC_IN, TRAFFIC_OUT, CLOCK, CPU_USAGE, SYSTEM_UPTIME, MEMORY_USAGE)
VALUES
('2024-03-08 16:37:00', 1, 1, '35.78', '1425', '205000', '1709297820', '0.92', '73091', '0.37'),
('2024-03-08 16:37:00', 1, 2, '35.78', '1425', '205000', '1709297820', '0.92', '73091', '0.37'),
('2024-03-08 16:37:00', 1, 3, '35.78', '1425', '205000', '1709297820', '0.92', '73091', '0.37'),
('2024-03-08 16:37:00', 2, 4, '35.78', '1425', '205000', '1709297820', '0.92', '73091', '0.37'),
('2024-03-08 16:37:00', 2, 5, '35.78', '1425', '205000', '1709297820', '0.92', '73091', '0.37'),
('2024-03-08 16:37:00', 2, 6, '35.78', '1425', '205000', '1709297820', '0.92', '73091', '0.37'),
('2024-03-08 16:37:00', 3, 7, '35.78', '1425', '205000', '1709297820', '0.92', '73091', '0.37'),
('2024-03-08 16:37:00', 3, 8, '35.78', '1425', '205000', '1709297820', '0.92', '73091', '0.37'),
('2024-03-08 16:37:00', 3, 9, '35.78', '1425', '205000', '1709297820', '0.92', '73091', '0.37'),
('2024-03-08 16:37:00', 4, 10, '35.78', '1425', '205000', '1709297820', '0.92', '73091', '0.37'),
('2024-03-08 16:37:00', 4, 11, '35.78', '1425', '205000', '1709297820', '0.92', '73091', '0.37'),
('2024-03-08 16:37:00', 4, 12, '35.78', '1425', '205000', '1709297820', '0.92', '73091', '0.37');

INSERT INTO RESULTS (DATETIME, MID, CID, DISK_USAGE, TRAFFIC_IN, TRAFFIC_OUT, CLOCK, CPU_USAGE, SYSTEM_UPTIME, MEMORY_USAGE)
VALUES
('2024-03-08 16:38:00', 1, 1, '35.78', '1425', '205000', '1709297880', '0.92', '73091', '0.37'),
('2024-03-08 16:38:00', 1, 2, '35.78', '1425', '205000', '1709297880', '0.92', '73091', '0.37'),
('2024-03-08 16:38:00', 1, 3, '35.78', '1425', '205000', '1709297880', '0.92', '73091', '0.37'),
('2024-03-08 16:38:00', 2, 4, '35.78', '1425', '205000', '1709297880', '0.92', '73091', '0.37'),
('2024-03-08 16:38:00', 2, 5, '35.78', '1425', '205000', '1709297880', '0.92', '73091', '0.37'),
('2024-03-08 16:38:00', 2, 6, '35.78', '1425', '205000', '1709297880', '0.92', '73091', '0.37'),
('2024-03-08 16:38:00', 3, 7, '35.78', '1425', '205000', '1709297880', '0.92', '73091', '0.37'),
('2024-03-08 16:38:00', 3, 8, '35.78', '1425', '205000', '1709297880', '0.92', '73091', '0.37'),
('2024-03-08 16:38:00', 3, 9, '35.78', '1425', '205000', '1709297880', '0.92', '73091', '0.37'),
('2024-03-08 16:38:00', 4, 10, '35.78', '1425', '205000', '1709297880', '0.92', '73091', '0.37'),
('2024-03-08 16:38:00', 4, 11, '35.78', '1425', '205000', '1709297880', '0.92', '73091', '0.37'),
('2024-03-08 16:38:00', 4, 12, '35.78', '1425', '205000', '1709297880', '0.92', '73091', '0.37');

-- 9 March
INSERT INTO RESULTS (DATETIME, MID, CID, DISK_USAGE, TRAFFIC_IN, TRAFFIC_OUT, CLOCK, CPU_USAGE, SYSTEM_UPTIME, MEMORY_USAGE)
VALUES
('2024-03-09 15:17:00', 1, 1, '41.23', '1750', '201000', '1709301420', '0.95', '79101', '0.42'),
('2024-03-09 15:17:00', 1, 2, '41.23', '1750', '201000', '1709301420', '0.95', '79101', '0.42'),
('2024-03-09 15:17:00', 1, 3, '41.23', '1750', '201000', '1709301420', '0.95', '79101', '0.42'),
('2024-03-09 15:17:00', 2, 4, '41.23', '1750', '201000', '1709301420', '0.95', '79101', '0.42'),
('2024-03-09 15:17:00', 2, 5, '41.23', '1750', '201000', '1709301420', '0.95', '79101', '0.42'),
('2024-03-09 15:17:00', 2, 6, '41.23', '1750', '201000', '1709301420', '0.95', '79101', '0.42'),
('2024-03-09 15:17:00', 3, 7, '41.23', '1750', '201000', '1709301420', '0.95', '79101', '0.42'),
('2024-03-09 15:17:00', 3, 8, '41.23', '1750', '201000', '1709301420', '0.95', '79101', '0.42'),
('2024-03-09 15:17:00', 3, 9, '41.23', '1750', '201000', '1709301420', '0.95', '79101', '0.42'),
('2024-03-09 15:17:00', 4, 10, '41.23', '1750', '201000', '1709301420', '0.95', '79101', '0.42'),
('2024-03-09 15:17:00', 4, 11, '41.23', '1750', '201000', '1709301420', '0.95', '79101', '0.42'),
('2024-03-09 15:17:00', 4, 12, '41.23', '1750', '201000', '1709301420', '0.95', '79101', '0.42');

INSERT INTO RESULTS (DATETIME, MID, CID, DISK_USAGE, TRAFFIC_IN, TRAFFIC_OUT, CLOCK, CPU_USAGE, SYSTEM_UPTIME, MEMORY_USAGE)
VALUES
('2024-03-09 16:59:00', 1, 1, '58.32', '2325', '302000', '1709305540', '0.87', '81312', '0.63'),
('2024-03-09 16:59:00', 1, 2, '58.32', '2325', '302000', '1709305540', '0.87', '81312', '0.63'),
('2024-03-09 16:59:00', 1, 3, '58.32', '2325', '302000', '1709305540', '0.87', '81312', '0.63'),
('2024-03-09 16:59:00', 2, 4, '58.32', '2325', '302000', '1709305540', '0.87', '81312', '0.63'),
('2024-03-09 16:59:00', 2, 5, '58.32', '2325', '302000', '1709305540', '0.87', '81312', '0.63'),
('2024-03-09 16:59:00', 2, 6, '58.32', '2325', '302000', '1709305540', '0.87', '81312', '0.63'),
('2024-03-09 16:59:00', 3, 7, '58.32', '2325', '302000', '1709305540', '0.87', '81312', '0.63'),
('2024-03-09 16:59:00', 3, 8, '58.32', '2325', '302000', '1709305540', '0.87', '81312', '0.63'),
('2024-03-09 16:59:00', 3, 9, '58.32', '2325', '302000', '1709305540', '0.87', '81312', '0.63'),
('2024-03-09 16:59:00', 4, 10, '58.32', '2325', '302000', '1709305540', '0.87', '81312', '0.63'),
('2024-03-09 16:59:00', 4, 11, '58.32', '2325', '302000', '1709305540', '0.87', '81312', '0.63'),
('2024-03-09 16:59:00', 4, 12, '58.32', '2325', '302000', '1709305540', '0.87', '81312', '0.63');

-- 10 March
INSERT INTO RESULTS (DATETIME, MID, CID, DISK_USAGE, TRAFFIC_IN, TRAFFIC_OUT, CLOCK, CPU_USAGE, SYSTEM_UPTIME, MEMORY_USAGE)
VALUES
('2024-03-10 15:57:00', 1, 1, '47.18', '1950', '218000', '1709311020', '0.82', '85102', '0.58'),
('2024-03-10 15:57:00', 1, 2, '47.18', '1950', '218000', '1709311020', '0.82', '85102', '0.58'),
('2024-03-10 15:57:00', 1, 3, '47.18', '1950', '218000', '1709311020', '0.82', '85102', '0.58'),
('2024-03-10 15:57:00', 2, 4, '47.18', '1950', '218000', '1709311020', '0.82', '85102', '0.58'),
('2024-03-10 15:57:00', 2, 5, '47.18', '1950', '218000', '1709311020', '0.82', '85102', '0.58'),
('2024-03-10 15:57:00', 2, 6, '47.18', '1950', '218000', '1709311020', '0.82', '85102', '0.58'),
('2024-03-10 15:57:00', 3, 7, '47.18', '1950', '218000', '1709311020', '0.82', '85102', '0.58'),
('2024-03-10 15:57:00', 3, 8, '47.18', '1950', '218000', '1709311020', '0.82', '85102', '0.58'),
('2024-03-10 15:57:00', 3, 9, '47.18', '1950', '218000', '1709311020', '0.82', '85102', '0.58'),
('2024-03-10 15:57:00', 4, 10, '47.18', '1950', '218000', '1709311020', '0.82', '85102', '0.58'),
('2024-03-10 15:57:00', 4, 11, '47.18', '1950', '218000', '1709311020', '0.82', '85102', '0.58'),
('2024-03-10 15:57:00', 4, 12, '47.18', '1950', '218000', '1709311020', '0.82', '85102', '0.58');

INSERT INTO RESULTS (DATETIME, MID, CID, DISK_USAGE, TRAFFIC_IN, TRAFFIC_OUT, CLOCK, CPU_USAGE, SYSTEM_UPTIME, MEMORY_USAGE)
VALUES
('2024-03-10 16:03:00', 1, 1, '50.25', '2010', '225000', '1709311380', '0.84', '85138', '0.61'),
('2024-03-10 16:03:00', 1, 2, '50.25', '2010', '225000', '1709311380', '0.84', '85138', '0.61'),
('2024-03-10 16:03:00', 1, 3, '50.25', '2010', '225000', '1709311380', '0.84', '85138', '0.61'),
('2024-03-10 16:03:00', 2, 4, '50.25', '2010', '225000', '1709311380', '0.84', '85138', '0.61'),
('2024-03-10 16:03:00', 2, 5, '50.25', '2010', '225000', '1709311380', '0.84', '85138', '0.61'),
('2024-03-10 16:03:00', 2, 6, '50.25', '2010', '225000', '1709311380', '0.84', '85138', '0.61'),
('2024-03-10 16:03:00', 3, 7, '50.25', '2010', '225000', '1709311380', '0.84', '85138', '0.61'),
('2024-03-10 16:03:00', 3, 8, '50.25', '2010', '225000', '1709311380', '0.84', '85138', '0.61'),
('2024-03-10 16:03:00', 3, 9, '50.25', '2010', '225000', '1709311380', '0.84', '85138', '0.61'),
('2024-03-10 16:03:00', 4, 10, '50.25', '2010', '225000', '1709311380', '0.84', '85138', '0.61'),
('2024-03-10 16:03:00', 4, 11, '50.25', '2010', '225000', '1709311380', '0.84', '85138', '0.61'),
('2024-03-10 16:03:00', 4, 12, '50.25', '2010', '225000', '1709311380', '0.84', '85138', '0.61');



CREATE TABLE THRESHOLDS(
    CID INTEGER PRIMARY KEY,
    WARNING FLOAT,
    CRITICAL FLOAT,
    TRAFFIC_IN_WARNING FLOAT,
    TRAFFIC_IN_CRITICAL FLOAT,
    TRAFFIC_OUT_WARNING FLOAT,
    TRAFFIC_OUT_CRITICAL FLOAT,
    FOREIGN KEY(CID) REFERENCES COMPONENTS(CID)
);

INSERT INTO THRESHOLDS (CID, WARNING, CRITICAL, TRAFFIC_IN_WARNING, TRAFFIC_IN_CRITICAL, TRAFFIC_OUT_WARNING, TRAFFIC_OUT_CRITICAL) VALUES(1, '70.0', '90.0', 800, 1000, 50000, 100000);
INSERT INTO THRESHOLDS (CID, WARNING, CRITICAL, TRAFFIC_IN_WARNING, TRAFFIC_IN_CRITICAL, TRAFFIC_OUT_WARNING, TRAFFIC_OUT_CRITICAL) VALUES(2, '70.0', '90.0', 800, 1000, 50000, 100000);
INSERT INTO THRESHOLDS (CID, WARNING, CRITICAL, TRAFFIC_IN_WARNING, TRAFFIC_IN_CRITICAL, TRAFFIC_OUT_WARNING, TRAFFIC_OUT_CRITICAL) VALUES(3, '70.0', '90.0', 800, 1000, 50000, 100000);
INSERT INTO THRESHOLDS (CID, WARNING, CRITICAL, TRAFFIC_IN_WARNING, TRAFFIC_IN_CRITICAL, TRAFFIC_OUT_WARNING, TRAFFIC_OUT_CRITICAL) VALUES(4, '70.0', '90.0', 800, 1000, 50000, 100000);
INSERT INTO THRESHOLDS (CID, WARNING, CRITICAL, TRAFFIC_IN_WARNING, TRAFFIC_IN_CRITICAL, TRAFFIC_OUT_WARNING, TRAFFIC_OUT_CRITICAL) VALUES(5, '70.0', '90.0', 800, 1000, 50000, 100000);
INSERT INTO THRESHOLDS (CID, WARNING, CRITICAL, TRAFFIC_IN_WARNING, TRAFFIC_IN_CRITICAL, TRAFFIC_OUT_WARNING, TRAFFIC_OUT_CRITICAL) VALUES(6, '70.0', '90.0', 800, 1000, 50000, 100000);
INSERT INTO THRESHOLDS (CID, WARNING, CRITICAL, TRAFFIC_IN_WARNING, TRAFFIC_IN_CRITICAL, TRAFFIC_OUT_WARNING, TRAFFIC_OUT_CRITICAL) VALUES(7, '70.0', '90.0', 800, 1000, 50000, 100000);
INSERT INTO THRESHOLDS (CID, WARNING, CRITICAL, TRAFFIC_IN_WARNING, TRAFFIC_IN_CRITICAL, TRAFFIC_OUT_WARNING, TRAFFIC_OUT_CRITICAL) VALUES(8, '70.0', '90.0', 800, 1000, 50000, 100000);
INSERT INTO THRESHOLDS (CID, WARNING, CRITICAL, TRAFFIC_IN_WARNING, TRAFFIC_IN_CRITICAL, TRAFFIC_OUT_WARNING, TRAFFIC_OUT_CRITICAL) VALUES(9, '70.0', '90.0', 800, 1000, 50000, 100000);
INSERT INTO THRESHOLDS (CID, WARNING, CRITICAL, TRAFFIC_IN_WARNING, TRAFFIC_IN_CRITICAL, TRAFFIC_OUT_WARNING, TRAFFIC_OUT_CRITICAL) VALUES(10, '70.0', '90.0', 800, 1000, 50000, 100000);
INSERT INTO THRESHOLDS (CID, WARNING, CRITICAL, TRAFFIC_IN_WARNING, TRAFFIC_IN_CRITICAL, TRAFFIC_OUT_WARNING, TRAFFIC_OUT_CRITICAL) VALUES(11, '70.0', '90.0', 800, 1000, 50000, 100000);
INSERT INTO THRESHOLDS (CID, WARNING, CRITICAL, TRAFFIC_IN_WARNING, TRAFFIC_IN_CRITICAL, TRAFFIC_OUT_WARNING, TRAFFIC_OUT_CRITICAL) VALUES(12, '70.0', '90.0', 800, 1000, 50000, 100000);

CREATE TABLE PUSHER (
    PID INTEGER PRIMARY KEY,
    APPID TEXT,
    APP_KEY TEXT,
    APP_SECRET TEXT,
    CLUSTER TEXT,
    USETLS BOOLEAN
);

INSERT INTO PUSHER (PID, APPID, APP_KEY, APP_SECRET, CLUSTER, USETLS) VALUES(1, '1765322', '580e608d2e758884818e', 'e8929c30ac69eebcabfd', 'ap1', 1);

CREATE TABLE NOTIFICATIONS (
    NID INTEGER AUTO_INCREMENT PRIMARY KEY,
    CID INTEGER,
    ISREAD BOOLEAN,
    REASON TEXT,
    DATETIME DATETIME,
    STATUS TEXT,
    FOREIGN KEY(CID) REFERENCES COMPONENTS(CID)
);

INSERT INTO NOTIFICATIONS (CID, ISREAD, REASON, DATETIME, STATUS) VALUES(1, 1, 'High CPU Usage', '2024-02-29 17:54:03', 'Critical');
INSERT INTO NOTIFICATIONS (CID, ISREAD, REASON, DATETIME, STATUS) VALUES(2, 1, 'High Memory Usage', '2024-02-29 17:54:03', 'Warning');
INSERT INTO NOTIFICATIONS (CID, ISREAD, REASON, DATETIME, STATUS) VALUES(3, 0, 'High CPU Usage', '2024-02-29 17:54:03', 'Critical');
INSERT INTO NOTIFICATIONS (CID, ISREAD, REASON, DATETIME, STATUS) VALUES(4, 0, 'High Memory Usage', '2024-02-29 17:54:03', 'Warning');
INSERT INTO NOTIFICATIONS (CID, ISREAD, REASON, DATETIME, STATUS) VALUES(1, 1, 'High CPU Usage', '2024-02-29 17:54:03', 'Critical');
INSERT INTO NOTIFICATIONS (CID, ISREAD, REASON, DATETIME, STATUS) VALUES(2, 1, 'High Memory Usage', '2024-02-29 17:54:03', 'Warning');
INSERT INTO NOTIFICATIONS (CID, ISREAD, REASON, DATETIME, STATUS) VALUES(3, 0, 'High CPU Usage', '2024-02-29 17:54:03', 'Critical');
INSERT INTO NOTIFICATIONS (CID, ISREAD, REASON, DATETIME, STATUS) VALUES(4, 0, 'High Memory Usage', '2024-02-29 17:54:03', 'Warning');
INSERT INTO NOTIFICATIONS (CID, ISREAD, REASON, DATETIME, STATUS) VALUES(1, 1, 'High CPU Usage', '2024-02-29 17:54:03', 'Critical');
INSERT INTO NOTIFICATIONS (CID, ISREAD, REASON, DATETIME, STATUS) VALUES(2, 1, 'High Memory Usage', '2024-02-29 17:54:03', 'Warning');
INSERT INTO NOTIFICATIONS (CID, ISREAD, REASON, DATETIME, STATUS) VALUES(3, 0, 'High CPU Usage', '2024-02-29 17:54:03', 'Critical');
INSERT INTO NOTIFICATIONS (CID, ISREAD, REASON, DATETIME, STATUS) VALUES(4, 0, 'High Memory Usage', '2024-02-29 17:54:03', 'Warning');

CREATE TABLE USERS (
    UID INTEGER AUTO_INCREMENT,
    EMAIL VARCHAR(255),
    PRIMARY KEY(UID),
    UNIQUE (EMAIL)
);

INSERT INTO USERS (EMAIL) VALUES('james.teo.2021@smu.edu.sg');
INSERT INTO USERS (EMAIL) VALUES('wanlin.tian.2021@smu.edu.sg');
INSERT INTO USERS (EMAIL) VALUES('zonghan.lee.2021@smu.edu.sg');
INSERT INTO USERS (EMAIL) VALUES('vanessa.lee.2021@smu.edu.sg');
INSERT INTO USERS (EMAIL) VALUES('michaelong.2021@smu.edu.sg');
INSERT INTO USERS (EMAIL) VALUES('lionel.goh.2021@smu.edu.sg');

CREATE TABLE LOGS_PUSHER (
    LID INTEGER AUTO_INCREMENT,
    CID INTEGER,
    PORT INTEGER,
    PRIMARY KEY(LID),
    FOREIGN KEY(CID) REFERENCES COMPONENTS(CID),
    UNIQUE (PORT)
);